"id","5"
"## Translators"
"#5  RusTranslation: Tommy-XL"
"#13 SChinese:fivefirex&ZeMingOH233  2T&MC-AS-Huier&xiaojin xyjx001(Edit: Tanakanira)"
"#14 TChinese: NetherDragon_Tw (Edit: Soukunsandesu)"

"## 役職"
"Neutral","Нейтралов"

"# バニラ役職"
"Crewmate","Член Экипажа"
"Engineer","Инженер"
"Scientist","Ученый"
"Noisemaker",""
"Tracker",""
"GuardianAngel","Ангел-хранитель"
"Impostor","Предателей"
"Shapeshifter","Оборотень"
"Phantom",""

"# 特殊インポスター役職"
"BountyHunter","Охотник за головами"
"Mare","Ночной"
"FireWorks","Фейерверк"
"SerialKiller","Серийный Убийца"
"ShapeMaster","Шпион"
"Vampire","Вампир"
"Warlock","Колдун"
"Witch","Ведьма"
"Mafia","Мафиози"
"Puppeteer","Кукловод"
"TimeThief","Вор Времени"
"Sniper","Снайпер"
"EvilTracker","Злой Следопыт"
"Stealth","Хитрец"
"NekoKabocha","Неко-Кабоча"
"EvilHacker","Злой Хакер"
"Penguin","Пингвин"
"Insider","Инсайдер"

"# マッドメイト系役職"
"Madmate","Безумец"
"MadGuardian","Безумный Страж"
"MadSnitch","Безумный Стукач"
"SKMadmate","Союзник Безумца"

"# 特殊クルー役職"
"Bait","Приманка"
"Lighter","Фонарь"
"Mayor","Мэр"
"SabotageMaster","Мастер Саботажа"
"Sheriff","Шериф"
"Arsonist","Поджигатель"
"Snitch","Стукач"
"SpeedBooster","Ускоритель"
"Doctor","Доктор"
"Trapper","Охотник"
"Dictator","Диктатор"
"Seer","Провидец"
"TimeManager","Мастер Времени"

"# ニュートラル役職"
"Jester","Шут"
"Terrorist","Террорист"
"Executioner","Палач"
"SchrodingerCat","Пленник"
"Opportunist","Выживший"
"Egoist","Эгоист"
"Lovers","Любовники"
"Jackal","Шакал"
"PlagueDoctor","Чумной Доктор"

"# HideAndSeek"
"HASFox","Лис"
"HASTroll","Тролль"

"# GM"
"GM","Мастер Игры"

"# 属性"
"LastImpostor","Последний Предатель"
"Watcher","Наблюдатель"
"Workhorse","Работник"

"# その他"
"Team","Команда"
"CustomRoleTypes.Crewmate","Членов Экипажа"
"CustomRoleTypes.Impostor","Предателей"
"CustomRoleTypes.Neutral","Нейтралов"
"CustomRoleTypes.Madmate","Безумцев"
"TeamCrewmate","Команда Членов Экипажа"
"TeamImpostor","Команда Предателей"
"TeamEgoist","Команда Эгоистов"
"TeamJackal","Команда Шакалов"


"## 役職説明ショート"
"NeutralInfo","Команда которая не принадлежит ни к каким другим командам"

"# 特殊インポスター役職"
"BountyHunterInfo","Охотьтесь за своей целью"
"MareInfo","Убивайте в темноте"
"FireWorksInfo","Морфитесь чтобы поставить фейерверк"
"SerialKillerInfo","Убивай чтобы ты не умер"
"ShapeMasterInfo","Морфитесь чтобы запутать всех Членов Экипажа"
"VampireInfo","Прокусите всех Членов Экипажа"
"WarlockInfo","Прокляните всех Членов Экипажа"
"WitchInfo","Заклинайте Членов Экипажа"
"MafiaInfo","Помогите Предателям"
"BeforeMafiaInfo","Вы еще не можете убивать"
"AfterMafiaInfo","Время убивать"
"PuppeteerInfo","Заставьте Члена Экипажа убить"
"TimeThiefInfo","Убивайте игроков чтобы сократить время встречи"
"SniperInfo","Стреляйте в Членов Экипажа на расстоянии"
"LastImpostorInfo","Ты последний предатель"
"EvilTrackerInfo","Отслеживайте Игроков"
"StealthInfo","Действуйте незаметно в темноте"
"NekoKabochaInfo","Отведи своего убийцу в могилу"
"EvilHackerInfo","Взломайте систему"
"PenguinInfo","Давайте тащить и убивать!"
"InsiderInfo","Знание - сила!"

"# マッドメイト系役職"
"MadmateInfo","Помогите Предателям"
"BeforeMadmateInfo","Завершите свои задания"
"MadGuardianInfo","Завершите свои задания, чтобы помочь Предателям"
"MadSnitchInfo","Завершите свои задания, чтобы помочь Предателям"
"SKMadmateInfo","Теперь вы в команде Предателя"

"# 特殊クルー役職"
"BaitInfo","Ловите своих врагов"
"LighterInfo","Увеличьте свой обзор выполнив свои задания"
"MayorInfo","У вас больше голосов"
"SabotageMasterInfo","Устраните саботаж в одиночку"
"SheriffInfo","Убивайте Предателей и Нейтралов"
"SnitchInfo","Завершите свои задания чтобы узнать Предателей"
"SpeedBoosterInfo","Ускорьте случайного игрока"
"DoctorInfo","Вы знаете причину смерти игроков"
"TrapperInfo","Ловите своих врагов"
"DictatorInfo","Повесьте своего врага на страх и риск"
"SeerInfo","Вы видите когда умирают игроки"
"TimeManagerInfo","Выполняйте задания чтобы увеличить время встречи"

"# ニュートラル役職"
"ArsonistInfo","Облейте и подожгите всех игроков"
"JesterInfo","Заставь игроков изгнать себя"
"OpportunistInfo","Останьтесь в живых"
"SchrodingerCatInfo","Дайте убить себя и присоединитесь к команде убийц"
"CSchrodingerCatInfo","Теперь вы за Членов Экипажа"
"MSchrodingerCatInfo","Теперь вы за Предателей"
"EgoSchrodingerCatInfo","Теперь вы за Эгоистов"
"JSchrodingerCatInfo","Теперь вы за Шакалов"
"TerroristInfo","Умрите после выполнения всех заданий"
"ExecutionerInfo","Заставь игроков изгнать свою цель"
"EgoistInfo","Не дай Предателям победить"
"LoversInfo","Выживите со своим Любовником"
"JackalInfo","Убей всех игроков"
"PlagueDoctorInfo","Распространите чуму"

"# HideAndSeek"
"HASFoxInfo","Останьтесь в живых"
"HASTrollInfo","Будьте убитым"

"# GM"
"GMInfo","Вы Мастер Игры"

"# 属性"
"WatcherInfo","Вы видите цвета голосов"
"WorkhorseInfo","Теперь у вас дополнительные задания"

"## 役職説明ロング"

"# 特殊インポスター役職"
"BountyHunterInfoLong","Если Охотник за головами убьет назначенную ему цель, время отката убийства будет намного меньше чем обычно. \n При убийстве игрока который не является его целью, приводит к стандартному времени отката убийства. \nЦели меняются спустя какое-то время"
"FireWorksInfoLong","Фейерверк может поставить несколько фейерверков с помощью Морфлинга. \nПосле установки всех фейерверков он может поджечь их все сразу с помощью использования Морфлинга, когда он является последним Предателем. \nТолько после этого он сможет убивать."
"SerialKillerInfoLong","У Серийного Убийцы еще более короткий откат убийства. \nНо если он не совершит убийство в установленный срок, то он мгновенно убьет сам себя."
"ShapeMasterInfoLong","Шпион не имеет отката восстановления Морфа. \nС другой стороны, длительность Морфа по умолчанию стоит куда меньше. \nПродолжительность трансформации можно изменить в настройках."
"MareInfoLong","Предатель, который может убивать только при выключенном свете. \nКаждое его убийство вдвое снижает откат убийства. \nСкорость движения также будет выше при выключенном свете, но его никнейм станет красным и будет виден всем игрокам."
"VampireInfoLong","Вампир может кусать игроков, а не убивать. \nУкушенный игрок умирает спустя какое-то время, или же умирает сразу как только произойдёт срочное собрание. \nНо если он укусит [Приманку](#Bait) он совершит обычное убийство и он вынужден сразу зарепортить труп."
"WarlockInfoLong","Колдун может проклинать игроков. \nКогда он Морфится после проклинания какого либо игрока, то проклятый игрок убивает любого игрока который находится по близости, независимо от того насколько далеко он находится. \nТак же во время Морфа он совершает обычные убийства."
"WitchInfoLong","Ведьма может совершить убийство или заклинание по очереди. \nИгроки, которые были проклятые Ведьма на голосовании помечаются красным крестом справа от никнейма, \nИ если Ведьма не изгнан, все проклятые им игроки умирают сразу же после голосования."
"MafiaInfoLong","Изначально Мафиози не может убивать. \nОн сможет убивать после того, как все Предатели кроме него будут убиты или изгнаны."
"PuppeteerInfoLong","Кукловод может совершить убийство с помощью помеченного игрока, но не может убивать как обычный Предатель. \nЕсли цель убивает противника и он срабатывает в момент убийства цели, эффект отразится на цели. \nВы не можете совершать обычные убийства."
"TimeThiefInfoLong","Каждое убийство Вора Времени сокращает время обсуждения и голосования на собраниях. \nВ зависимости от настроек потерянное время возвращается после того, как он будет убит или изгнан."
"SniperInfoLong","Снайпер может стрелять в игроков на расстоянии. \nОн убивает игрока который, находится с ним на одной линии, от точки Морфа до точки возвращения в свой облик. \nОн может совершать обычные убийства после того, как все его патроны закончатся."
"EvilTrackerInfoLong","Злой Следопыт может отслеживать других игроков. \nОн может видеть стрелки, которые указывают на Предателей или на того, в кого он превратился. \nОн может видеть когда было совершено убийство с помощью вспышки убийства."
"StealthInfoLong","Когда Хитрец убивает, игроки в одной локации будут ненадолго ослеплены"
"NekoKabochaInfoLong","Неко-Кабоча убивает своего убийцу"
"EvilHackerInfoLong","Злой Хакер может получить последнюю информацию на админке в начале встречи.\nНезанятые локации не показаны.\nA '★' Помечает локации с Предателями.\nЛокации с трупами помечаются количеством трупом) \nНапример: \n★Кафетерия: 3 (Мертвы×1)"""
"PenguinInfoLong","Пингвины могут удерживать цель, нажимая кнопку убийства, и перетаскивать ее.\Во время перетаскивания цель умирает, нажав кнопку убийства еще раз или через определенный промежуток времени.\nНажмите кнопку убийства дважды, чтобы убить напрямую."
"InsiderInfoLong","Вы можете увидеть роли, которых  Вы убили\nВы также можете увидеть роли и способности всех Предателей.\nУбийство в указанное время также сообщает вам о Безумце."


"# マッドメイト系役職"
"MadmateInfoLong","Член Экипажа, который на стороне Предателей. \nНо он не знает кто является Предателем в игре. \nМожет использовать вентиляцию, но нет заданий."
"MadGuardianInfoLong","Член Экипажа, который на стороне Предателей. \nНо он не знает кто является Предателем в игре. \nЕсли он выполнит все задания, то он получит щит, с помощью которого он может предотвратить свое убийство."
"MadSnitchInfoLong","Член Экипажа, который на стороне Предателей. \nОн может увидеть, кто является Предателем, после того как выполнит все свои задания. \nВ зависимости от настроек он может использовать вентиляцию."
"SKMadmateInfoLong","(Предатель):\nРоль, которую может занять ближайший к вам игрок, когда вы используете Морф. Нет заданий."

"# 特殊クルー役職"
"BaitInfoLong","Когда Приманку убивают, он заставляет убившего игрока \nмоментально зарепортить ваш труп."
"LighterInfoLong","После выполнения всех заданий Фонарик сможет увеличить свое поле зрения."
"MayorInfoLong","Мэр можете иметь несколько голосов на собрании, и проголосовать за любого игрока этими доп. голосами или \nпросто отдать все голоса в скип."
"SabotageMasterInfoLong","Мастер Саботажа может в одиночку починить саботажи такие, как: Саботаж Реактора, Саботаж O2 и Саботаж Связи. \nТак же он может починить Саботаж Света коснувшись лишь одного рычага. \nОткрытие одной двери позволяет открыть все двери в этой комнате."
"SheriffInfoLong","Шериф может убивать Предателей. \nЕсть настройка, позволяющая убить даже Нейтралов. \nОднако если Шериф попытается убить Члена Экипажа, то это приведёт к его смерти. У него нет заданий."
"SnitchInfoLong","Как только Стукач выполнит все задания, то никнейм у всех Предателей будет отображаться \nкрасным цветом, и наоборот, если количество ваших заданий будет близка к завершению, \nто рядом с никнеймом Стукача появится звёздочка★, которая будет видна Предателям."
"LoversInfoLong","(Нейтралы):\nДополнительно с какой-либо ролью Любовники назначаются 2 случайным игрокам. \nЕсли оба Любовника останутся живы, то они выиграют. \nКогда умрёт хотя бы один Любовник, то моментально умрёт и второй. Они проиграют когда Члены Экипажа выполнят все задания."
"SpeedBoosterInfoLong","Он может увеличить скорость случайных живых игроков, если он будет выполнять задания."
"DoctorInfoLong","Доктор может узнать причину смерти игрока. \nКроме того, он имеет портативные пульсы как у учёного, которые он может использовать в любом месте, пока у него не закончится зарядка."
"TrapperInfoLong","После того как Охотника убьют, то его убийца будет обездвижен на несколько секунд. (время зависит от настроек)"
"DictatorInfoLong","Если Диктатор проголосует за любого игрока во время собрания, он сможет принудительно завершить собрание и кикнуть игрока за которого он отдал голос \nТак же Диктатор умрёт после собрания когда он отдаст голос."
"SeerInfoLong","Провидец видит ''Вспышку Убийства'' каждый раз, когда игроки умирают."
"TimeManagerInfoLong","Мастер Времени может увеличить время встречи, увеличивается время по мере выполнения заданий. Но когда он умрет, время встречи будет сброшено по умолчанию."

"# ニュートラル役職"
"ArsonistInfoLong","Поджигатель может обливать игроков, нажав на кнопку 'Убить' и находясь рядом с игроком в течение нескольких секунд. \nПосле того как он обольёт всех живых игроков Поджигатель сможет запрыгнуть в вентиляцию, чтобы поджечь всех игроков, что приводит к победе Поджигателя."
"JesterInfoLong","Шут сможет выиграть игру, если за него проголосуют во время голосования и он будет изгнан.\nВ противном случае Шут проиграет."
"TerroristInfoLong","Террорист побеждает в одиночку, если его убивают или изгоняют. \nНо только если все его задания будут выполнены."
"ExecutionerInfoLong","Палач назначается цель с темно-фиолетовым значком «Ромба» рядом с именем игрока.\nОн побеждает когда его цель будет изгнана на голосовании.\nЕсли его цель умирает до того как он был изгнан, Палач меняет свою роль и становится Членом Экипажа, Шутом или Выжившим в зависимости от настроек игры.\nЕсли его цель является Шут, то Палач выиграет вместе с ним."
"SchrodingerCatInfoLong","Когда Пленника пытаются убить, он предотвращает убийство и переходит к команде убийцы."
"OpportunistInfoLong","Выживший выигрывает игру с любыми другими ролями, но только если он выжил."
"EgoistInfoLong","После того, как все Предатели умрут то Эгоист побеждает вместо Предателей. \nПредатели и Эгоист видят друг друга."
"JackalInfoLong","Шакал может убить всех Членов Экипажа, Нейтралов и Предателей тоже. \nШакал может победить, когда в живых остался только 1 Шакал и 1 Член Экипажа."
"PlagueDoctorInfoLong","Цель Чумного Доктора - заразить всех живых игроков.\nОн выбирает одного игрока для заражения с помощью кнопки 'Убить', после чего игрок который будет в радиусе зараженного игрока в течении X времени, станет зараженным.\nПрогресс заражения не сбрасывается после встреч и т.д."

"# HideAndSeek"
"HASFoxInfoLong","(Прятки):\nЕсли какая-либо роль, кроме Тролля побеждает и выживает, то победившая роль может одержать дополнительную победу."
"HASTrollInfoLong","(Прятки):\nТролль побеждает в одиночку если его убивают."

"# GM"
"GMInfoLong","(Никто):\nМастер Игры — это роль, которая наблюдает за игрой в роле призрака. \nОн не влияет на игру, и все игроки всегда знают кто Мастер Игры. Всегда назначается только хосту лобби и становится призраком в самом начале игры."

"# 属性"
"LastImpostorInfoLong","(Атрибут):\nАтрибут, присваивается последнему Предателю. \nВремя отката убийства становится меньше, чем обычно. \nНе назначается Охотнику за головами, Серийному убийце или Вампиру."
"WatcherInfoLong","(Атрибут):\nНаблюдатель может видеть все цвета голосов несмотря на анонимное голосование."
"WorkhorseInfoLong","(Атрибут):\nДополнительные задания присваиваются первому живому Члену Экипажа, который выполнит все задания. \nЕму назначаются дополнительные задания, необходимые для победы с помощью заданий. \nНе может присваиваться ролям которые не имеют заданий, или ролям со способностями которые активируются после выполнения заданий."

"# ヘルプ"
"Basis","Вердикт"

"#モードオプション"
"HideAndSeek","Прятки"
"NoGameEnd","Игра Не Закончится"
"SyncButtonMode","Общая кнопка встречи"
"RandomMapsMode","Случайная карта"
"SyncedButtonCount","Максимальное количество нажатий на Кнопку"
"AddedTheSkeld","Добавить The Skeld"
"AddedMIRAHQ","Добавить MIRA HQ"
"AddedPolus","Добавить Polus"
"AddedTheAirShip","Добавить The Airship"
"AddedTheFungle","Добавить The Fungle"
"AllAliveMeeting","Все живые на собрании"
"AllAliveMeetingTime","Время когда все живы на собрании"
"AdditionalEmergencyCooldown","Дополнительный откат собраний"
"AdditionalEmergencyCooldownThreshold","Применяемый Порог Выживания"
"AdditionalEmergencyCooldownTime","Дополнительный откат"
"LadderDeath","Падение с Лестницы"
"LadderDeathChance","Шанс разбиться насмерть"
"DisableTasks","Отключить задания"
"DisableSwipeCardTask","Отключить задание ''Провести Карту''"
"DisableSubmitScanTask","Отключить задание ''Сканирование''"
"DisableUnlockSafeTask","Отключить задание ''Открытие Сейфа''"
"DisableUploadDataTask","Отключить задание ''Загрузка Данных''"
"DisableStartReactorTask","Отключить задание ''Запустить Реактор''"
"DisableResetBreakerTask","Отключить задание ''Рычаги(Airship)''"
"SuffixMode","Суффикс"
"SuffixMode.None","Никто"
"SuffixMode.Version","Версия"
"SuffixMode.Streaming","Стримит"
"SuffixMode.Recording","Записывает"
"SuffixMode.RoomHost","Хост Румы"
"SuffixMode.OriginalName","Настоящий Никнейм"
"ColorNameMode","Режим: Никнейм соответствует цвету"
"FixFirstKillCooldown","Нормализовать откат убийства в начале Игры"
"GhostCanSeeOtherRoles","Призраки могут видеть все роли"
"GhostCanSeeOtherTasks","Призраки могут видеть прогресс заданий других игроков"
"GhostCanSeeOtherVotes","Призраки могут видеть цвета голосов"
"GhostCanSeeDeathReason","Призраки могут видеть причины смерти"
"GhostIgnoreTasks","Призраки игнорируют задания"
"DisableTaskWin","Отключить победу по заданиям"
"HideGameSettings","Скрыть настройки Игры"
"RoleOptions","Настройка Ролей"
"ModeOptions","Настройка режима"
"AutoDisplayLastResult","Отображать результат последней игры в чате"
"AutoDisplayKillLog","Отображать историю убийств в чате"
"VoteMode","Режим голосования"
"WhenSkipVote","Когда пропускаете Голосование"
"WhenSkipVoteIgnoreFirstMeeting","Игнорировать первое собрание"
"WhenSkipVoteIgnoreNoDeadBody","Игнорировать когда Нет Трупов"
"WhenSkipVoteIgnoreEmergency","Игнорировать кнопку собраний"
"WhenNonVote","Когда никто не Голосовал"
"Default","По умолчанию"
"Suicide","Суицид"
"SelfVote","Само Голос"
"Skip","Пропуск"
"WhenTie","Когда ничья"
"TieMode.Default","По умолчанию"
"TieMode.All","Изгнать всех"
"TieMode.Random","Изгнать случайно"
"DisableDevices","Отключить устройства"
"DisableSkeldDevices","Отключить устройства на The Skeld"
"DisableMiraHQDevices","Отключить устройства на MIRA HQ"
"DisablePolusDevices","Отключить устройства на Polus"
"DisableAirshipDevices","Отключить устройства на The Airship"
"DisableFungleDevices","Отключить устройства на The Fangle"
"DisableSkeldAdmin","Отключить стол администратора"
"DisableMiraHQAdmin","Отключить стол администратора"
"DisablePolusAdmin","Отключить стол администратора"
"DisableAirshipCockpitAdmin","Отключить стол администратора в ''Кабине''"
"DisableAirshipRecordsAdmin","Отключить стол администратора в ''Архиве''"
"DisableSkeldCamera","Отключить камеры"
"DisablePolusCamera","Отключить камеры"
"DisableAirshipCamera","Отключить камеры"
"DisableMiraHQDoorLog","Отключить журналы"
"DisablePolusVital","Отключить пульсы"
"DisableAirshipVital","Отключить пульсы"
"DisableFungleVital","Отключить пульсы"
"IgnoreConditions","Игнорируют условия"
"IgnoreImpostors","Игнорируют Предатели"
"IgnoreMadmates","Игнорируют Безумцы"
"IgnoreNeutrals","Игнорируют Нейтралы"
"IgnoreCrewmates","Игнорируют Члены Экипажа"
"IgnoreAfterAnyoneDied","Игнорируют умершие игроки"
"LightsOutSpecialSettings","Специальные настройки при саботаже света"
"DisableAirshipViewingDeckLightsPanel","Отключить починку света на ''Смотровой Палубе'' (Airship)"
"DisableAirshipGapRoomLightsPanel","Отключить починку света в ''Комнате Пролета'' (Airship)"
"DisableAirshipCargoLightsPanel","Отключить починку света в ''Грузовом Отсеке'' (Airship)"
"BlockDisturbancesToSwitches","Блокировать переключатели когда они подняты"
"MapModification","Модификации для карт"
"DisableAirshipMovingPlatform","Отключить движущуюся платформу (Airship)"
"AirShipVariableElectrical","Двери в Электрощитовой меняются случайно (Airship)"
"ResetDoorsEveryTurns","Сбросить статус дверей после собраний"
"DoorsResetMode","Режим сброса дверей"
"AllOpen","Все Открыты"
"AllClosed","Все Закрыты"
"RandomByDoor","Случайно для каждой двери"
"DisableFungleSporeTrigger","Отключить триггер спор (Fungle)"
"RandomSpawn","Случайный спавн"
"CommsCamouflage","Камуфляж при Саботаже Связи"
"EnableDebugMode","Включить режим отладки"
"ChangeNameToRoleInfo","Показать краткую информацию о роли в начале игры"
"RoleAssigningAlgorithm","Алгоритм назначения Ролей"
"RoleAssigningAlgorithm.Default","По умолчанию"
"RoleAssigningAlgorithm.NetRandom","Случайный"
"RoleAssigningAlgorithm.HashRandom","HashRandom"
"RoleAssigningAlgorithm.Xorshift","Xorshift"
"RoleAssigningAlgorithm.MersenneTwister","MersenneTwister"
"ApplyDenyNameList","Применить файл запрещённых имён (DenyName)"
"KickPlayerFriendCodeNotExist","Кикнуть игроков у которых нет Кода Друга"
"ApplyBanList","Применить файл с забаненными игроками (BanList)"

"## モード説明"
"HideAndSeekInfo","Прятки:\nНикто не может созвать срочное собрание, Члены Экипажа могут победить, только выполняя задания. \nПредатели меняют цвет тела на красный, а экипажи на синий."
"StandardHASInfo","Прятки с Ролями:\nНикто не может созвать срочное собрание, Члены Экипажа могут победить, только выполнив задания, А Предатели могут победить, только убив всех Членов Экипажа."
"NoGameEndInfo","Игра Не Закаончится:\nРежим отладки, в котором нет основы для выигрыша.\nИгра не может быть завершена, если Хосту не использует команду в лобби SHIFT+L+ENTER."
"SyncButtonModeInfo","Синхронизация Кнопки:\nЭтот режим ограничивает максимальное количество срочных собраний, которые можно созвать в целом. (в настройках)"
"SabotageTimeControlInfo","Изменить Время Саботажа:\nВозможность изменить время саботажа реактора. (в настройках)"
"RandomMapsModeInfo","Случайная Карта:\nРежим в котором карты случайным образом меняются в каждой игре. (в настройках)"
"DisableDevicesInfo","Отключенные Устройства:\nРазличные устройства могут быть отключены"

"## 詳細設定"
"Cooldown","Откат"
"KillCooldown","Откат убийства"
"CanVent","Может использовать Вентиляцию"
"ImpostorVision","Имеет дальность Обзора Предателя"
"CanUseSabotage","Может использовать Саботаж"
"CanCreateMadmate","Он может назначить Безумцев"

"AssignMode","Алгоритм назначения"
"AssignAlgorithm.Fixed","Фиксированный"
"AssignAlgorithm.Random","Случайный"
"RoleTypeMin","Минимум ролей для %roleType% "
"RoleTypeMax","Максимум ролей для %roleType%"
"%roleTypes%Maximum","Максимум для %roleTypes%"
"FixedRole","Фиксированная Роль"
"Role","Роли"

"BountyTargetChangeTime","Время смены цели"
"BountySuccessKillCooldown","Перезарядка после убийства цели"
"BountyFailureKillCooldown","Перезарядка после обычного Убийства"
"BountyShowTargetArrow","Показывать стрелку указывающую на Цель"
"DefaultShapeshiftCooldown","Обычная перезарядка Оборотня"
"VampireKillDelay","Длительность укуса(Секунды)"
"MareAddSpeedInLightsOut","Добавить скорость Ночному при саботаже света"
"MareKillCooldownInLightsOut","Откат убийства Ночного при Саботаже Света"
"SabotageMasterSkillLimit","Лимит способности (Кроме открытия дверей)"
"CanMakeMadmateCount","Максимум союзников Безумца"
"MadSnitchTasks","Задания Безумного Стукача"
"MadSnitchCanAlsoBeExposedToImpostor","Также не защищен от Предателей"
"MadSnitchTaskTrigger","Задачи повышающие скорость"
"MadGuardianCanSeeWhoTriedToKill","Может видеть кто пытался его убить"
"MadmateCanFixLightsOut","Безумцы могут чинить Свет"
"MadmateCanFixComms","Безумцы могут чинить Связь"
"MadmateHasImpostorVision","Безумцы имеют дальность Обзора Предателя"
"MadmateCanSeeKillFlash","Безумцы могут видеть Вспышку Убийства"
"MadmateCanSeeOtherVotes","Безумцы могут видеть цвета Голосов"
"MadmateCanSeeDeathReason","Безумцы могут видеть Причины Смерти"
"MadmateExileCrewmate","Безумцы сохраняют команду при изгнании"
"MadmateVentCooldown","Откат вентиляции Безумцев"
"MadmateVentMaxTime","Время использования вентиляции Безумцев"
"LighterMaxVision","Дальность обзора"
"LighterTaskCompletedDisableLightOut","Имеет дальность Обзора Предателя"
"LighterTriggerType","Условие активации способности"
"LighterTaskTrigger","Задачи повышающие скорость"
"SabotageMasterFixesDoors","Может открыть все двери"
"SabotageMasterFixesReactors","Может починить саботаж Реактора"
"SabotageMasterFixesOxygens","Может починить саботаж O2"
"SabotageMasterFixesCommunications","Может починить саботаж Связи на MiraHQ"
"SabotageMasterFixesElectrical","Может починить саботаж Света одним кликом"
"SheriffCanKill%role%","Может убить %role%"
"SheriffCanKillNeutrals","Может убить Нейтралов"
"SheriffCanKillAll","<color=#4cb3fe>Все ВКЛ</color>"
"SheriffCanKillSeparately","Выбрать кого"
"In%team%","(Команда %team%)"
"SheriffMisfireKillsTarget","Шериф убивает цель вместе с собой"
"SheriffShotLimit","Количество выстрелов"
"SheriffCanKillAllAlive","Может убивать когда никто не умер"
"DoctorTaskCompletedBatteryCharge","Длительность батарейки"
"SnitchEnableTargetArrow","Может видеть стрелку цели"
"SnitchCanGetArrowColor","Может видеть цвета стрелок"
"SnitchCanFindNeutralKiller","Может видеть Нейтральных Убийц"
"SnitchRemainingTaskFound","Оставшиеся задания при которых он будет виден"
"SpeedBoosterUpSpeed","Повысить скорость игрока на"
"SpeedBoosterTaskTrigger","Задачи повышающие скорость"
"MayorAdditionalVote","Дополнительные голоса"
"MayorHasPortableButton","У Мэра есть портативная Кнопка"
"MayorNumOfUseButton","Количество портативных Кнопок"
"CanBeforeSchrodingerCatWinTheCrewmate","Без команды он может победить с Членами Экипажа"
"SchrodingerCatExiledTeamChanges","Команда меняется после его Изгнания"
"SchrodingerCatCanSeeKillableTeammate","Может видеть всю команду в которой он состоит"
"ExecutionerCanTargetImpostor","Может иметь цель изгнать Предателя"
"ExecutionerCanTargetNeutralKiller","Может иметь цель изгнать Нейтрального Убийцу"
"ExecutionerChangeRolesAfterTargetKilled","Роль после смерти его цели"
"SerialKillerLimit","Лимит времени до Самоубийства"
"ArsonistDouseTime","Длительность обливания"
"CanTerroristSuicideWin","Для победы достаточно сделать Суицид"
"ShapeMasterShapeshiftDuration","Продолжительность морфа"
"FireWorksMaxCount","Максимальное количество фейерверков"
"FireWorksRadius","Радиус фейерверка"
"SniperBulletCount","Количество пуль"
"SniperPrecisionShooting","Точный выстрел"
"SniperAimAssist","Помощь в прицеливании"
"SniperAimAssistOneshot","Помощь только с одним выстрелом"
"NumberOfLovers","Количество Любовников (x2участника)"
"TimeThiefDecreaseMeetingTime","Уменьшить длительность обсуждения на"
"TimeThiefLowerLimitVotingTime","Уменьшить длительность голосования на"
"TimeThiefReturnStolenTimeUponDeath","Вернуть украденное время после его смерти"
"EvilTrackerCanSeeKillFlash","Может видеть ''Вспышку Убийства''"
"EvilTrackerTargetMode","Может установить цель"
"EvilTrackerTargetMode.Never","Никто"
"EvilTrackerTargetMode.OnceInGame","В каждой игре"
"EvilTrackerTargetMode.EveryMeeting","На каждой встрече"
"EvilTrackerTargetMode.Always","Всегда"
"EvilTrackerCanSeeLastRoomInMeeting","Может видеть местоположение Целей во время Собрания"
"KillFlashDuration","Длительность ""Вспышки Убийства"""
"WitchModeSwitchAction","Действие для Смены Режима"
"TriggerKill","Убить"
"TriggerVent","Вентиляция"
"TimeManagerIncreaseMeetingTime","Увеличить время встреч на"
"TimeManagerLimitMeetingTime","Лимит увеличения времени встреч"
"TriggerDouble","Двойное нажатие"
"AssignOnlyTo%role%","Назначить только для %role%"
"WorkhorseNumLongTasks","Дополнительные долгие задания"
"WorkhorseNumShortTasks","Дополнительные короткие задания"
"StealthExcludeImpostors","Исключить Предателей из слепоты"
"StealthDarkenDuration","Длительность слепоты"
"NekoKabochaImpostorsGetRevenged","Предатели могут мстить"
"NekoKabochaMadmatesGetRevenged","Безумцы могут мстить"
"NekoKabochaRevengeOnExile","Месть во время изгнания"
"EvilHackerCanSeeDeadMark","Может видеть местоположение трупов"
"EvilHackerCanSeeImpostorMark","Может видеть местоположение других Предателей"
"EvilHackerCanSeeKillFlash","Может видеть ''Вспышку Убийства''"
"EvilHackerCanSeeMurderRoom","Может увидеть место убийства"
"PenguinAbductTimerLimit","Время перетаскивания"
"PenguinMeetingKill","Убить если встреча начнется во время перетаскивания"
"InsiderCanSeeImpostorAbilities","Может видеть роли других Предателей"
"InsiderCanSeeAllGhostsRoles","Может видеть все роли Призраков"
"InsiderCanSeeMadmates","Может видеть Безумцев"
"InsiderKillCountToSeeMadmates","Количество убийств при котором будет виден Безумец"
"PlagueDoctorInfectLimit","Количество заражений"
"PlagueDoctorInfectWhenKilled","Заразить убийцу Чумного Доктора, когда он никого не заразил"
"PlagueDoctorInfectTime","Время заражения"
"PlagueDoctorInfectDistance","Радиус заражения"
"PlagueDoctorInfectInactiveTime","Недействительное время заражения"
"PlagueDoctorCanInfectSelf","Может заразить себя"
"PlagueDoctorCanInfectVent","Может заразить находясь в вентиляции"

"## ランダムスポーンポイント"
"Junction","Перекресток"
"OfficeLeft","Левый Офис"
"OfficeRight","Правый Офис"
"Rocket","Ракета"
"Toilet","Туалет"
"NapRoom","Комната для сна"
"Bonfire","Костер"
"JungleTop","Вершина Джунглей"
"JungleBottom","Дно Джунглей"
"Precipice","Скала"

"## 能力発動条件"
"TaskProgressRate","Прогресс заданий"
"TaskCount","Количество заданий"

"## かくれんぼ設定"
"HideAndSeekOptions","Настройки Пряток"
"AllowCloseDoors","Разрешить закрытие дверей"
"TrapperBlockMoveTime","Продолжительность заморозки"
"HideAndSeekWaitingTime","Время ожидания Предателей(Секунды)"
"IgnoreVent","Отключить вентиляцию"
"HideAndSeekRoles","Роли в Прятках"

"## 死因"
"DeathReason.Kill","Убить"
"DeathReason.Vote","Изгнан"
"DeathReason.Suicide","Суицид"
"DeathReason.Spell","Заколдован"
"DeathReason.Bite","Укушен"
"DeathReason.FollowingSuicide","♡Суицид♡"
"DeathReason.Bombed","Взорван"
"DeathReason.Misfire","Убился"
"DeathReason.Torched","Сожжён"
"DeathReason.Sniped","Застрелить"
"DeathReason.Execution","Казнен"
"DeathReason.Disconnected","Вышел"
"DeathReason.Fall","Упал"
"DeathReason.Revenge","Месть"
"DeathReason.Infected","Заражён"
"DeathReason.etc","Другое"
"Alive","Выжил"
"Win"," Победили"
"Last-","Последний "

"## リアクターの時間制御"
"SabotageTimeControl","Изменить время саботажа"
"PolusReactorTimeLimit","Polus время саботажа Реактора"
"AirshipReactorTimeLimit","Airship время саботажа Реактора"
"FungleReactorTimeLimit","Время саботажа Реактора на The Fungle"
"FungleMushroomMixupDuration","Длительность грибного переполоха на The Fungle"

"## サボタージュのクールダウン変更"
"ModifySabotageCooldown","Контролировать откат саботажа"
"SabotageCooldown","Откат саботажа"

"## ゲーム設定UI"
"TOHSettingsButtonLabel",""
"TOHSettingsDescription",""

"## クライアント設定"
"Close","Закрыть"
"TOHOptions","Настройки <color=#00bfff>TOH</color>"
"ForceJapanese","Принудительный Японский"
"JapaneseRoleName","Японские названия ролей"
"UnloadMod","Отключить мод"
"UnloadWarning","<color=#ffff00><size=200%>Внимание!</size></color>\n\nДля повторного включения мода необходимо перезапустить игру. Вы все равно хотите продолжить?"
"CannotUnloadDuringGame","Мод нельзя отключить во время игры"
"Cancel","Отменить"
"Unload","ОТКЛЮЧИТЬ"
"DumpLog","Вывести Журнал"

"## ヘルプテキスト"
"CommandList","Список команд:"
"Command.winner","Показать победителей"
"Command.lastresult","Показать результат матча"
"Command.rename","Изменить никнейм Хоста"
"Command.now","Показать активные настройки"
"Command.h_now","Показать описание текущих активных настроек"
"Command.h_roles","<ИмяРоли> — Показать описание Роли"
"Command.h_addons","<ИмяАтрибута> — Показать описание Атрибута"
"Command.h_modes","<ИмяРежима> - Показать описание Режима"
"Command.dump","Вывод журнала на Рабочий Стол"
"Command.h_args","Доступные Аргументы (Ограниченные)"

"CantUse.lastresult","Нельзя использовать /lastresult во время игры"
"CantUse.killlog","Нельзя использовать /killlog во время игры"

"## メッセージ"
"Message.SetToSeconds","Установлен на {0} секунды"
"Message.MessageWaitHelp","Укажите первый аргумент в секундах."
"Message.TemplateNotFoundHost","Сообщения соответствующие ''{0}'' не найдены. \n{0}:Содержание\nПожалуйста добавьте в template.txt \n\nОпределенные теги:\n{1}"
"Message.TemplateNotFoundClient","Сообщения соответствующие ''{0}'' не найдены."
"Message.SyncButtonLeft","Кнопку экстренной встречи можно использовать еще {0} раз"
"Message.Executed","{0} Был казнен"
"Message.HideGameSettings","Настройки игры скрыты хостом"
"Message.NoDescription","Описание отсутствует"
"Message.KickedByDenyName","{0} был кикнут, так как его имя соответствует ''{1}''"
"Message.BanedByBanList","{0} был заблокирован, потому что он был заблокирован в прошлый раз"
"Message.KickedByNoFriendCode","{0} был кикнут, так как у него нет кода друга"
"Message.AddedPlayerToBanList","{0} был добавлен в список забаненых игроков"
"Message.FailedToLoadOptions","Не удалось загрузить настройки"
"Message.CopiedOptions","Скопированные настройки"
"Message.ExportedOptions","Экспортированные настройки"
"Message.LoadedOptions","Загруженные настройки"
"Message.OnlyHostCanLoadOptions","Только хост может загружать настройки"

"## 警告"
"Warning.EgoistCannotWin","Эгоист не может победить!"
"Warning.OverrideExiledPlayer","Из-за того что в игре есть Шакал(ы) все изгнания будут видны как ничья (но только визуально, на результат голосования это не влияет)"
"Warning.InvalidRpc","{0} Был кикнут так как получен недопустимый RPC. \nУбедитесь что в системе нет других модов кроме TOH."
"Warning.NoModHost","У Хоста Лобби не установлен Town of Host"
"Warning.MismatchedVersion","{0} Версия \nне соответствует версии Хоста лобби {1}"
"Warning.AutoExitAtMismatchedVersion","Версия {0} не соответствует Хосту лобби. \nВы будете исключены через {1} секунды"
"Warning.NotMatchImpostorCount","Макс./Мин. количество Предательских ролей больше, чем общее количество Предателей."
"Warning.NotMatchRoleCount","Роль подобрана неправильно, так как минимальное количество ролей больше, чем количество игроков."

"## エラー"
"Error.MeetingException","Ошибка: {0}\r\nПожалуйста используйте SHIFT+M+ENTER чтобы принудительно завершить собрание"
"Error.InvalidRoleAssignment","Ошибка: Во время назначения роли для игрока обнаружена недопустимая роль({0})"
"Error.SpeedBoosterNullException","Ошибка: пункт назначения повышения скорости не указан. \nСохраните логи и создайте заявку на отчет об ошибке."
"Error.InvalidColor","Ошибка: Нельзя использовать другие цвета, кроме цветов по умолчанию"

"### ErrorText関連"
"ErrorLevel1",""
"ErrorLevel2",""
"ErrorLevel3","Эта версия никогда не должна быть выпущена."
"TerminateCommand","Команда устарела"
"#### 000 Test"
"ERR-000-000-0","Ошибок не обнаружено"
"ERR-000-900-0","Ошибка теста - Lv0"
"ERR-000-910-1","Ошибка теста - Lv1"
"ERR-000-920-2","Ошибка теста - Lv2"
"ERR-000-930-3","Ошибка теста - Lv3"
"ERR-000-804-1","Мод не поддерживает обычные Прятки. Мод был отключён"
"#### 001 Main"
"ERR-001-000-3","Дублирование ключей происходит в основном словаре."
"ERR-001-010-3","Повторяющийся идентификатор настроек"
"#### 002 Support"
"ERR-002-000-1","Неподдерживаемая версия AmongUs. Пожалуйста, обновите игру"
"#### 010 Session"
"ERR-010-000-2",""
"ERR-010-001-2",""

"## その他"
"DefaultSystemMessageTitle","【=== Системное сообщение ===】"
"MessageFromTheHost","【Сообщение от Хоста】"
"TabGroup.MainSettings","Основная настройка"
"TabGroup.CrewmateRoles","Роли Членов Экипажа"
"TabGroup.NeutralRoles","Нейтральные Роли"
"TabGroup.ImpostorRoles","Роли Предателей"
"TabGroup.Addons","Атрибут"
"ActiveRolesList","Список Активных Ролей"
"ForExample","Например"
"ForceEnd","Игра Окончена"
"EveryoneDied","Все Мертвы"
"ForceEndText","Хост завершил игру"
"ShowResults","Показать результаты"
"HideResults","Скрыть результаты"
"HideGameCodes","Скрыть Игровой Код"
"updateButton","Обновление"
"updatePleaseWait","Пожалуйста, подождите..."
"updateManually","Ошибка обновления. \nПожалуйста обновите вручную."
"updateInProgress","Обновление..."
"announcementUpdate","<size=3f>Обновление v{0}</size>\n{1}"
"announcementChangelog","<size=3f>Журнал Изменений v{0}</size>\n{1}"
"updateRestart","Обновление завершено! \nПожалуйста перезапустите игру."
"updateFailed","Не удалось обновить."
"onSetPublicNoLatest","Публичные лобби запрещены за исключением последней версии.\nПожалуйста обновите."
"CanNotJoinPublicRoomNoLatest","Вы не можете присоединяться к публичным лобби за исключением последней версии.\nПожалуйста обновите."
"ModBrokenMessage","Мод был поврежден.\nПожалуйста переустановите его снова."
"UnsupportedVersion","Неподдерживаемая версия AmongUs.\nПожалуйста, обновите игру"
"DisabledByProgram","Создание публичного лобби отключена программой"
"PublicNotAvailableOnThisVersion","Публичные лобби недоступны в этой версии.\nПожалуйста, обратитесь к каналу Discord «「modアナウンス」» для получения дополнительной информации"
"EnterVentToWin","Запрыгните в вентиляцию чтобы победить!!"
"FireworksPutPhase","Осталось {0} Фейерверков"
"FireworksWaitPhase","Подожди время..."
"FireworksReadyFirePhase","Огонь!"
"StandardHAS","Прятки с Ролями"
"StandardHASWaitingTime","Время ожидания"
"Prerelease",""
"InvalidArgs","Недопустимые Аргументы"
"On","ВКЛ"
"Off","ВЫКЛ"
"ColoredOn","<color=#4cb3fe>ВКЛ</color>"
"ColoredOff","<color=#ff4c6f>ВЫКЛ</color>"
"CurrentActiveSettingsHelp","Справка по текущим активным настройкам"
"WitchCurrentMode","Текущий Режим: "
"WitchModeKill","Убит"
"WitchModeSpell","Заклинать"
"WitchModeDouble","Двойной"
"BountyCurrentTarget","Текущая цель"
"StealthDarkened","Затемнено: {0}"
"Roles","Роли"
"Settings","Настройки"
"Addons","Атрибут"
"LastResult","Результат матча"
"KillLog","История убийств"
"Maximum","Максимум"
"Rate0","0%"
"Rate5","5%"
"Rate10","10%"
"Rate20","20%"
"Rate30","30%"
"Rate40","40%"
"Rate50","50%"
"Rate60","60%"
"Rate70","70%"
"Rate80","80%"
"Rate90","90%"
"Rate100","100%"
"Preset","Сохранения"
"Preset_1","Сохранение 1"
"Preset_2","Сохранение 2"
"Preset_3","Сохранение 3"
"Preset_4","Сохранение 4"
"Preset_5","Сохранение 5"
"Standard","Стандартный"
"GameMode","Игровой Режим"
"PressTabToNextPage","Нажмите Tab или Цифру чтобы перейти на следующую страницу..."
"RoleSummaryText","Игроки и роли в конце игры:"
"doOverride","Изменить задания у %role%"
"assignCommonTasks","%role% имеет общие задания"
"roleLongTasksNum","%role% долгие задания"
"roleShortTasksNum","%role% короткие задания"
"Format.Players","{0}"
"Format.Seconds","{0} с"
"Format.Percent","{0}%"
"Format.Times","{0}"
"Format.Multiplier","{0}x"
"Format.Votes","{0}"
"Format.Pieces","{0}"
"KillButtonText","Убить"
"SniperSnipeButtonText","Застрелить"
"FireWorksExplosionButtonText","Зажечь"
"FireWorksInstallAtionButtonText","Установить"
"SerialKillerSuicideButtonText","До Суицида"
"WarlockCurseButtonText","Проклинать"
"WitchSpellButtonText","Заклинать"
"VampireBiteButtonText","Укусить"
"ArsonistDouseButtonText","Облить"
"PuppeteerOperateButtonText","Управлять"
"BountyHunterChangeButtonText","Смена цели"
"EvilTrackerChangeButtonText","Отслеживать"
"DefaultShapeshiftText","Превращение"
"DisabledBySettings","Отключено настройкой"
"Disabled","Отключено"
"FailToTrack","Не удалось отследить"
"LastAdminInfo","Актуальная информация администратора"
"MurderNotify","Убийство"
"Deadbody","Труп"
"PenguinKillButtonText","ПЕРЕТАСКИВАТЬ"
"PenguinTimerText","Время перетаскивания"
"Infected","Заражён"
