"id","14"
"## Translators"
"#5  RusTranslation: Tommy-XL"
"#13 SChinese:fivefirex&ZeMingOH233  2T&MC-AS-Huier&xiaojin xyjx001(Edit: Tanakanira)"
"#14 TChinese: NetherDragon_Tw (Edit: Soukunsandesu)"

"## 役職"
"Neutral","中立陣營"

"# バニラ役職"
"Crewmate","船員"
"Engineer","工程師"
"Scientist","科學家"
"Noisemaker",""
"Tracker",""
"GuardianAngel","守護天使"
"Impostor","偽裝者"
"Shapeshifter","變形者"
"Phantom",""

"# 特殊インポスター役職"
"BountyHunter","賞金獵人"
"Mare","獵夢者"
"FireWorks","煙火工匠"
"SerialKiller","嗜血殺手"
"ShapeMaster","百變怪"
"Vampire","吸血鬼"
"Warlock","術士"
"Witch","女巫"
"Mafia","黑手黨"
"Puppeteer","傀儡師"
"TimeThief","時間竊賊"
"Sniper","狙擊手"
"EvilTracker","邪惡的追蹤者"
"Stealth",""
"NekoKabocha",""
"EvilHacker",""
"Penguin",""
"Insider",""

"# マッドメイト系役職"
"Madmate","叛徒"
"MadGuardian","背叛的天使"
"MadSnitch","背叛的告密者"
"SKMadmate","叛徒跟班"

"# 特殊クルー役職"
"Bait","誘餌"
"Lighter","持燈人"
"Mayor","市長"
"SabotageMaster","修理工"
"Sheriff","警長"
"Arsonist","縱火犯"
"Snitch","告密者"
"SpeedBooster","增速者"
"Doctor","法醫"
"Trapper","設陷者"
"Dictator","獨裁主義者"
"Seer","靈媒"
"TimeManager","時間大師"

"# ニュートラル役職"
"Jester","小丑"
"Terrorist","恐怖分子"
"Executioner","劊子手"
"SchrodingerCat","薛丁格的貓"
"Opportunist","投機主義者"
"Egoist","利己主義者"
"Lovers","戀人"
"Jackal","豺狼"
"PlagueDoctor",""

"# HideAndSeek"
"HASFox","狐妖"
"HASTroll","誘捕者"

"# GM"
"GM","GM(遊戲大師)"

"# 属性"
"LastImpostor","絕境者"
"Watcher","觀察者"
"Workhorse","加班狂"

"# その他"
"Team",""
"CustomRoleTypes.Crewmate",""
"CustomRoleTypes.Impostor","偽裝者"
"CustomRoleTypes.Neutral","中立陣營"
"CustomRoleTypes.Madmate",""
"TeamCrewmate",""
"TeamImpostor","幫助偽裝者"
"TeamEgoist","利己主義者陣營"
"TeamJackal","豺狼陣營"


"## 役職説明ショート"
"NeutralInfo","你屬於一個獨立陣營且不受其他陣營或職業的獲勝條件引響"

"# 特殊インポスター役職"
"BountyHunterInfo","拿下你的目標"
"MareInfo","你恐懼黑暗嗎?"
"FireWorksInfo","在最後時刻來放煙火吧"
"SerialKillerInfo","你無法抑制你的殺人衝動"
"ShapeMasterInfo","你知道我是誰嗎?"
"VampireInfo","吸取他們的血"
"WarlockInfo","借刀殺人"
"WitchInfo","施展你的魔法來讓你的敵人死亡"
"MafiaInfo","幫助偽裝者"
"BeforeMafiaInfo","潛伏以等待時機"
"AfterMafiaInfo","殺光所有人吧"
"PuppeteerInfo","操控對象並殺光所有人"
"TimeThiefInfo","殺光你的敵人並將會議時間縮短"
"SniperInfo","讓你的敵人在你的狙擊下死亡"
"LastImpostorInfo","你是狼村最後的希望..."
"EvilTrackerInfo","你不要過來啊啊阿"
"StealthInfo",""
"NekoKabochaInfo",""
"EvilHackerInfo",""
"PenguinInfo",""
"InsiderInfo",""

"# マッドメイト系役職"
"MadmateInfo","幫助偽裝者"
"BeforeMadmateInfo","完成你的任務"
"MadGuardianInfo","完成你的任務並幫助偽裝者"
"MadSnitchInfo","完成你的任務並幫助偽裝者"
"SKMadmateInfo","你現在屬於偽裝者們了，盡你所能幫助他們"

"# 特殊クルー役職"
"BaitInfo","誘捕你的敵人"
"LighterInfo","夜空中最亮的星"
"MayorInfo","你的票數更多更有料"
"SabotageMasterInfo","更快的修理破壞"
"SheriffInfo","執法偽裝者及中立陣營玩家們"
"SnitchInfo","完成你的所有任務來找到偽裝者"
"SpeedBoosterInfo","讓其他人跑得更快"
"DoctorInfo","查看他們的死因"
"TrapperInfo","誘捕你的敵人"
"DictatorInfo","讓所有人臣服於你"
"SeerInfo","你擁有陰陽眼"
"TimeManagerInfo","完成你的任務來延長會議時間"

"# ニュートラル役職"
"ArsonistInfo","燒吧，燒吧，燃燒吧"
"JesterInfo","想個辦法讓你被投出去"
"OpportunistInfo","盡你所能地活下去吧!"
"SchrodingerCatInfo","打不過就加入"
"CSchrodingerCatInfo","你現在變成船員了, 幫助船員們找出偽裝者們和中立帶刀者"
"MSchrodingerCatInfo","你現在變成偽裝者了，但是你不能殺人，盡量掩護你的隊友的身分"
"EgoSchrodingerCatInfo","你是利己主義者的跟班"
"JSchrodingerCatInfo","你是豺狼的跟班，但可惜的是你不能殺人"
"TerroristInfo","我要開飛船撞Mira總部"
"ExecutionerInfo","想盡一切辦法來投出你的目標"
"EgoistInfo","讓我們來奪取偽裝者的勝利"
"LoversInfo","你墜入了愛河"
"JackalInfo","殺光所有人不留活口"
"PlagueDoctorInfo",""

"# HideAndSeek"
"HASFoxInfo","盡你所能地活下去吧!"
"HASTrollInfo","盡可能讓獵人殺死你"

"# GM"
"GMInfo","當吃瓜群眾在一旁看戲吧"

"# 属性"
"WatcherInfo","注意所有人的投票"
"WorkhorseInfo","感覺不如做任務"

"## 役職説明ロング"

"# 特殊インポスター役職"
"BountyHunterInfoLong","如果賞金獵人殺了賞金目標，下一次的殺人冷卻會變得非常的短\n如果賞金獵人殺了非賞金目標，下一次的殺人冷卻將會被延長或不變\n目標將會重置在時間結束或殺死賞金目標後。"
"FireWorksInfoLong","煙火工匠可以放置煙火來造成範圍性傷害，煙火工匠可以以變形來放置煙火，最多可以放置三個煙火，但是在煙火工匠放置完所有煙火前無法殺人\n如果他的隊友都已經死亡的話，煙火工匠便可以引爆煙火。\n如果煙火工匠也在爆炸中被炸死，偽裝者陣營同樣獲勝。"
"SerialKillerInfoLong","嗜血殺手的殺人冷卻是所有偽裝者中最短的一個。\n但是如果嗜血殺手沒有在自殺倒數歸零前再殺人，嗜血殺手將會自殺。"
"ShapeMasterInfoLong","百變怪相較於普通變形者，百變怪沒有變形冷卻，但是相較於普通變形者他的變形時間會更短。"
"MareInfoLong","獵夢者只可在關燈狀態下殺人，但是移動速度將會變快，並且如果殺人成功冷卻將會減半。\n不過請注意，獵夢者關燈狀態下的名字會變成紅色，並且所有玩家可見。"
"VampireInfoLong","當吸血鬼嘗試殺人時，嘗試被殺的目標並不會立刻死亡，而是過一段時間之後突然暴斃，\n如果在這段時間內進入會議，被吸血的玩家將會立刻死亡。\n請注意: 如果吸血鬼的目標為誘餌，吸血鬼仍舊會報告誘餌的屍體。"
"WarlockInfoLong","術士可以通過殺人鍵下咒一個目標，如果目標身上出現盾牌破碎的效果代表下咒成功。\n如果術士變形，那麼被下咒的玩家將會立刻殺死一名離他最近的玩家，\n如果術士未在進入會議前咒殺，則詛咒失效。"
"WitchInfoLong","女巫擁有兩種殺人方式: 詛咒與殺人。會議時，全部玩家都可看到被詛咒的玩家的名字旁有個「†」符號。如果會議結束時女巫沒有被逐出或被殺死，則被詛咒的玩家死亡。\n根據房主設定，女巫的攻擊模式分為通風管切換以及殺人切換。"
"MafiaInfoLong","當黑手黨在場且有其他偽裝者存活時不可以殺人，但是當隊友都死亡時他就可以開始殺人。"
"PuppeteerInfoLong","傀儡師按下殺人按鈕時將會操控離他最近的玩家(與術士下咒差不多)，接著如果在殺人範圍內碰到非偽裝者陣營的人，被操控的玩家將會直接殺死被害者，並且效果不再持續。"
"TimeThiefInfoLong","時間竊賊每殺死一個人，那麼會議時間就會減少一定時間，如果時間竊賊死亡，那麼會議時間將會恢復。"
"SniperInfoLong","狙擊手擁有遠距離狙殺的技能，當狙擊手變形時會標記一個點(標記A)，解除變形時也會標記一個點(標記B)，標記A到標記B即為彈道，\n子彈將由標記A穿越彈道後再從標記B打出，並狙殺離這條彈道上最近的人(若有人處於彈道中則不會被狙殺)，狙擊手在子彈用完之後可以正常殺人。"
"EvilTrackerInfoLong","邪惡追蹤者可以通過變形來指定一個追蹤目標，變形後將會立刻解除變形，並且玩家名稱會出現一個箭頭指向目標，當隊友殺人時，邪惡追蹤者將會看到螢幕閃爍為提示。"
"StealthInfoLong",""
"NekoKabochaInfoLong",""
"EvilHackerInfoLong",""
"PenguinInfoLong",""
"InsiderInfoLong",""


"# マッドメイト系役職"
"MadmateInfoLong","叛徒屬於偽裝者陣營。\n偽裝者無法知道叛徒是誰，他可以使用通風口且沒有任務。"
"MadGuardianInfoLong","船員,但是他們屬於狼人陣營.\n狼人和他們無法互相知道誰是叛徒,誰是狼\n當背叛的天使完成所有任務時,他將有一個盾牌。"
"MadSnitchInfoLong","船員,但是他們屬於狼人陣營.\n狼人和他們無法互相知道誰是叛徒,誰是狼\n當背叛的告密者做完任務時,狼人和背叛的告密者將可以互相知道對方。"
"SKMadmateInfoLong","(狼人陣營):\n當狼人變形時\n離狼人變形最近的一個人將有機率轉化為叛徒跟班\n他沒有任務,且叛徒跟班與狼人無法互相知道。"

"# 特殊クルー役職"
"BaitInfoLong","當被殺時,兇手將強制自行舉報"
"LighterInfoLong","當做完所有任務時可以增大視野且不受關燈影響"
"MayorInfoLong","可以一次投很多票並可以將它灌到一個人身上或跳過 (可以設定票數)"
"SabotageMasterInfoLong","反應堆, 氧氣, 通訊以及其他破壞可以修理工獨自修復。"
"SheriffInfoLong","警長可以殺死狼人陣營的人,\n*可以設定中立陣營是否可以被殺\n警長若槍到好人陣營將會自殺,警長沒有任務。"
"SnitchInfoLong","當告密者做完所有任務,狼人的名字將會變成紅色(僅告密者可見),\n但是當他剩下最後一個任務時,\n狼人會看見告密者頭上會有個星號標記。(中立或船員不可見)\n(P.S:戀人告密者技能失效)"
"LoversInfoLong","(中立),\n遊戲開始系統會隨機抽取兩人當戀人,該職業可以和其他職業屬於同一個玩家身上\n戀人將獲勝在遊戲結束時如果兩個戀人都活著.\n但是當一個戀人死去,另一個戀人也會跟著死去\n如果船員完成所有任務,戀人即宣告失敗。"
"SpeedBoosterInfoLong","加速器做完任務時可以讓隨機的活著玩家速度加快"
"DoctorInfoLong","醫生可以知道每個玩家的死因\n還有醫生有一個跟科學家一樣的心電圖,它也需要充電。"
"TrapperInfoLong","如果設限者被殺,殺他的兇手將會被困在原地幾秒(可以設定)"
"DictatorInfoLong","如果獨裁主義者在會議上投票給某位玩家,\n獨裁主義者將強制結束會議並無視場上票數將獨裁主義者投的那個人投出\n但是獨裁主義者將死於他投票的瞬間。"
"SeerInfoLong","當有玩家死亡時,靈媒將看到閃光"
"TimeManagerInfoLong","時間大師做越多任務，那麼會議時間就會延長越多(直到上限)。如果時間大師死亡，那麼會議時間就會恢復原狀。"

"# ニュートラル役職"
"ArsonistInfoLong","當縱火犯嘗試使用殺人鍵,它將對他身邊最近的一個人澆上油,\n當他對所有玩家澆上油之後,縱火縱火犯點火即勝利。"
"JesterInfoLong","當小丑被丟出時即宣告小丑獲勝,\n但是小丑在遊戲結束時活下來或是在遊戲中被殺即宣告失敗"
"TerroristInfoLong","恐怖分子只要做完它的所有任務並且死亡即可獲勝"
"ExecutionerInfoLong","劊子手的目標會有一個鑽石符號,這個符號僅劊子手可見,\n如果他的目標被投出,他將獨自勝利。\n如果目標被殺,劊子手將轉職(可以設定).\n如果目標是小丑,那麼被丟出時,劊子手和小丑會一起獲勝。"
"SchrodingerCatInfoLong","當薛定諤的貓第一次被殺時，他將轉入殺他的那個陣營。\n(P.S:1.薛定諤的貓如果被丟出則陣營不更改(可以在設定中更改)\n2.薛定諤的貓如果被術士下咒對象咒死時則陣營不更改\n3.如果薛定諤的貓有戀人且戀人死亡受到戀人共死影響自殺則陣營不更改)"
"OpportunistInfoLong","如果投機主義者活到最後,他將跟著遊戲結束獲勝的陣營一起獲勝。"
"EgoistInfoLong","如果所有的偽裝者都死亡，且利己主義者存活，利己主義者將獨自獲勝。\n(偽裝者和利己主義者互相知道對方但是不可以互刀對方)"
"JackalInfoLong","豺狼需要殺死所有人來獲得勝利,\n如果場上存活的玩家只剩下豺狼和另一名不帶刀職業時,豺狼將獲勝。"
"PlagueDoctorInfoLong",""

"# HideAndSeek"
"HASFoxInfoLong","(躲貓貓):\n除了其他的中立陣營以外,只要狐妖活下來即可獲勝\n他們將跟著遊戲結束的獲勝陣營一起獲勝。"
"HASTrollInfoLong","(躲貓貓):\n當誘捕者被偽裝者殺死，被殺的誘捕者就宣告獲勝\n在這個例子中，狐妖即使活著也宣告失敗。"

"# GM"
"GMInfoLong","（不屬於任何陣營）：\nGM(遊戲大師)是遊戲的觀察者, \nGM對遊戲進行過程沒有影響,所有玩家都知道GM是誰,該職業絕對會分配給房主。\nGM(遊戲大師)從開始遊戲時就處於死亡狀態。"

"# 属性"
"LastImpostorInfoLong","(附加效果):\n該效果給予在場上的最後一位偽裝者，擁有該效果的偽裝者刀人冷卻時間會變短，該效果不會給予:\n賞金獵人, 連環殺手或吸血鬼 (可以設定冷卻)"
"WatcherInfoLong","(附加效果):\n會議時觀察者可以看到所有人的投票。"
"WorkhorseInfoLong","(屬性):\n此效果會被賦予在第一個完成任務且存活的船員。\n實習生必須做完附加任務來獲勝，\n此效果不會賦予在那些需要通過完成任務來觸發技能的職業上。"

"# ヘルプ"
"Basis",""

"#モードオプション"
"HideAndSeek","躲貓貓"
"NoGameEnd","遊戲不會結束模式"
"SyncButtonMode","全場拍桌數同步模式"
"RandomMapsMode","隨機地圖模式"
"SyncedButtonCount","全場最大拍桌數量"
"AddedTheSkeld","將The Skeld地圖列入選項"
"AddedMIRAHQ","將MIRA HQ地圖列入選項"
"AddedPolus","將Polus地圖列入選項"
"AddedTheAirShip","將The AirShip列入選項"
"AddedTheFungle",""
"AllAliveMeeting","全員存活會議"
"AllAliveMeetingTime","全員存活會議時間"
"AdditionalEmergencyCooldown","附加緊急會議冷卻時間"
"AdditionalEmergencyCooldownThreshold","適用於幾個存活人數"
"AdditionalEmergencyCooldownTime","附加冷卻時間"
"LadderDeath","從梯子上下滑時可能會摔死"
"LadderDeathChance","從梯子上下滑摔死機率"
"DisableTasks","禁用某些特定的任務"
"DisableSwipeCardTask","禁用刷卡任務"
"DisableSubmitScanTask","禁用掃描任務"
"DisableUnlockSafeTask","禁用保險櫃任務"
"DisableUploadDataTask","禁用上傳任務"
"DisableStartReactorTask","禁用啟動反應堆任務"
"DisableResetBreakerTask","禁用重置斷路器任務"
"SuffixMode","名字標籤"
"SuffixMode.None","關閉"
"SuffixMode.Version","版本"
"SuffixMode.Streaming","直播中"
"SuffixMode.Recording","錄影中"
"SuffixMode.RoomHost","房主"
"SuffixMode.OriginalName","玩家原名稱"
"ColorNameMode","名字將被顏色名稱替換"
"FixFirstKillCooldown","修正開場時的殺人冷卻時間"
"GhostCanSeeOtherRoles","幽靈可以看見所有玩家職業"
"GhostCanSeeOtherTasks",""
"GhostCanSeeOtherVotes","幽靈可以看見所有玩家的投票"
"GhostCanSeeDeathReason","幽靈可以看見死因"
"GhostIgnoreTasks","幽靈可以免除任務"
"DisableTaskWin","禁用任務勝利"
"HideGameSettings","隱藏遊戲設定"
"RoleOptions","職業設定"
"ModeOptions","模式設定"
"AutoDisplayLastResult","自動顯示上一回合結果"
"AutoDisplayKillLog","自動顯示擊殺紀錄"
"VoteMode","投票設定"
"WhenSkipVote","當跳過投票時"
"WhenSkipVoteIgnoreFirstMeeting","忽略首次會議"
"WhenSkipVoteIgnoreNoDeadBody","沒有屍體時無法選擇"
"WhenSkipVoteIgnoreEmergency","緊急會議中無法選擇"
"WhenNonVote","沒有投票時"
"Default","預設算法"
"Suicide","自殺"
"SelfVote","投自己"
"Skip","跳過"
"WhenTie","平票時"
"TieMode.Default","預設算法"
"TieMode.All","全員放逐"
"TieMode.Random","隨機放逐"
"DisableDevices","禁用裝置"
"DisableSkeldDevices","禁用The Skeld中的設備"
"DisableMiraHQDevices","禁用Mira HQ中的設備"
"DisablePolusDevices","禁用Polus中的設備"
"DisableAirshipDevices","禁用The Airship中的設備"
"DisableFungleDevices",""
"DisableSkeldAdmin","禁用管理室地圖"
"DisableMiraHQAdmin","禁用管理室地圖"
"DisablePolusAdmin","禁用管理室地圖"
"DisableAirshipCockpitAdmin","禁用The Airship(駕駛艙)的管理室地圖"
"DisableAirshipRecordsAdmin","禁用The Airship(檔案室)的管理室地圖"
"DisableSkeldCamera","禁用飞艇监控设备"
"DisablePolusCamera","禁用飞艇监控设备"
"DisableAirshipCamera","禁用飞艇监控设备"
"DisableMiraHQDoorLog","禁用米拉总部门禁日志"
"DisablePolusVital","禁用飞艇生命监测装置"
"DisableAirshipVital","禁用飞艇生命监测装置"
"DisableFungleVital","禁用飞艇生命监测装置"
"IgnoreConditions","忽略條件"
"IgnoreImpostors","偽裝者陣營除外"
"IgnoreMadmates","叛徒職業除外"
"IgnoreNeutrals","中立陣營除外"
"IgnoreCrewmates","船員陣營除外"
"IgnoreAfterAnyoneDied","當所有人都死亡時除外"
"LightsOutSpecialSettings","關燈特殊設定"
"DisableAirshipViewingDeckLightsPanel","關閉觀景台的配電箱 (Airship)"
"DisableAirshipGapRoomLightsPanel","關閉間隙室右側的配電箱 (Airship)"
"DisableAirshipCargoLightsPanel","關閉貨艙的配電箱 (Airship)"
"BlockDisturbancesToSwitches",""
"MapModification",""
"DisableAirshipMovingPlatform",""
"AirShipVariableElectrical","電力室構造變化 (Airship)"
"ResetDoorsEveryTurns",""
"DoorsResetMode",""
"AllOpen",""
"AllClosed",""
"RandomByDoor",""
"DisableFungleSporeTrigger",""
"RandomSpawn","隨機出生點"
"CommsCamouflage","通訊破壞時所有玩家變成小灰人"
"EnableDebugMode","啟用偵錯模式"
"ChangeNameToRoleInfo","對未安裝本模組的玩家顯示職業說明"
"RoleAssigningAlgorithm","職業分配算法"
"RoleAssigningAlgorithm.Default","預設算法"
"RoleAssigningAlgorithm.NetRandom","NET系統隨機算法"
"RoleAssigningAlgorithm.HashRandom","Hash值隨機算法"
"RoleAssigningAlgorithm.Xorshift","Xorshift隨機算法"
"RoleAssigningAlgorithm.MersenneTwister","Mersenne Twister隨機算法"
"ApplyDenyNameList","自動禁止具有不良名字的人加入"
"KickPlayerFriendCodeNotExist","將沒有好友代碼的玩家自動踢出"
"ApplyBanList","啟用封禁名單"

"## モード説明"
"HideAndSeekInfo","躲貓貓:\n不能拍桌或舉報，船員只能做任務\n偽裝者的勝利條件為殺光所有船員\n狼人的顏色會轉變為紅色，船員則會變為藍色。"
"StandardHASInfo","躲貓貓(附加普通模式職業):\n不能拍桌或舉報，船員只能做任務\n偽裝者的勝利條件為殺光所有船員\n偽裝者的顏色會轉變為紅色，船員則會變為藍色。"
"NoGameEndInfo","遊戲不會結束模式:\n該模式僅限用來測試,這裡沒有勝利條件\n該模式無法通過正常勝利條件結束,僅能讓房主使用SHIFT+L+ENTER或指令/dis來結束遊戲。"
"SyncButtonModeInfo","全場拍桌數同步模式:\n該模式會讓全場玩家的拍桌數同步。(可以設定拍桌數)"
"SabotageTimeControlInfo","控制緊急任務時間:\n該模式可以讓某些地圖的破壞時間重新設定。 (可以設定)"
"RandomMapsModeInfo","隨機地圖模式:\n該模式會隨機挑選地圖。 (可以設定)"
"DisableDevicesInfo","禁用設備:\n可以禁用各種設備。"

"## 詳細設定"
"Cooldown","冷卻時間"
"KillCooldown","殺人冷卻時間"
"CanVent","可以使用通風口"
"ImpostorVision","擁有偽裝者的視野"
"CanUseSabotage","可以破壞"
"CanCreateMadmate","可以招募叛徒"

"AssignMode",""
"AssignAlgorithm.Fixed",""
"AssignAlgorithm.Random",""
"RoleTypeMin",""
"RoleTypeMax",""
"%roleTypes%Maximum",""
"FixedRole",""
"Role","職業"

"BountyTargetChangeTime","賞金目標切換時間"
"BountySuccessKillCooldown","賞金獵人殺死賞金目標冷卻"
"BountyFailureKillCooldown","賞金獵人殺死非賞金目標冷卻"
"BountyShowTargetArrow","賞金獵人獲得指向目標的箭頭"
"DefaultShapeshiftCooldown","預設變身時間"
"VampireKillDelay","殺人延遲"
"MareAddSpeedInLightsOut","關燈時黑暗博士的額外速度"
"MareKillCooldownInLightsOut","關燈時黑暗博士的殺人冷卻"
"SabotageMasterSkillLimit","修理工修理破壞次數上限"
"CanMakeMadmateCount","變形者招募叛徒最大人數"
"MadSnitchTasks","背叛告密者任務數量"
"MadSnitchCanAlsoBeExposedToImpostor","對偽裝者同樣可見"
"MadSnitchTaskTrigger","效果發動所需任務數"
"MadGuardianCanSeeWhoTriedToKill","背叛天使可以看到是誰嘗試殺害自己"
"MadmateCanFixLightsOut","叛徒職業的玩家可以修理電燈"
"MadmateCanFixComms","叛徒職業的玩家可以修理通訊"
"MadmateHasImpostorVision","叛徒職業的玩家有跟偽裝者一樣的視野"
"MadmateCanSeeKillFlash","叛徒職業的玩家可以看到殺人閃光"
"MadmateCanSeeOtherVotes","叛徒可以看到所有人的投票"
"MadmateCanSeeDeathReason","叛徒職業的玩家可以看到死因"
"MadmateExileCrewmate","叛徒被丟出時會隨機拖一個船員一起下水"
"MadmateVentCooldown","叛徒職業的玩家跳管道冷卻"
"MadmateVentMaxTime","叛徒職業的玩家在管道中可以停留的最大時間"
"LighterMaxVision","做完任務的視野"
"LighterTaskCompletedDisableLightOut","完成任務的小燈人視野不受關燈影響"
"LighterTriggerType",""
"LighterTaskTrigger","效果發動所需任務數"
"SabotageMasterFixesDoors","修理工可以一次性修理多扇門"
"SabotageMasterFixesReactors","修理工可以獨自修理兩邊的反應堆"
"SabotageMasterFixesOxygens","修理工可以獨自修理兩邊的氧氣"
"SabotageMasterFixesCommunications","修理工可以獨自修理兩邊的通訊(Mira HQ)"
"SabotageMasterFixesElectrical","修理工可以快速完成修理電燈"
"SheriffCanKill%role%","警長可以槍死%role%"
"SheriffCanKillNeutrals","警長可以槍死中立"
"SheriffCanKillAll","<color=#4cb3fe>全開</color>"
"SheriffCanKillSeparately","個別設定"
"In%team%","(%team%陣營)"
"SheriffMisfireKillsTarget","警長誤殺好人會同時擊殺目標"
"SheriffShotLimit","最大子彈數量"
"SheriffCanKillAllAlive","全員存活時可以執法"
"DoctorTaskCompletedBatteryCharge","醫生完成任務充電秒數"
"SnitchEnableTargetArrow","告密者完成任務後可以看到指向目標的箭頭"
"SnitchCanGetArrowColor","對不同陣營的目標使用不同顏色的箭頭標示"
"SnitchCanFindNeutralKiller","告密者也可以和中立陣營帶刀職業互認"
"SnitchRemainingTaskFound","帶刀職業可見告密者剩餘任務數"
"SpeedBoosterUpSpeed","被加速器加速的玩家的移動速度"
"SpeedBoosterTaskTrigger","效果發動所需任務數"
"MayorAdditionalVote","附加票數"
"MayorHasPortableButton","可以隨時拍桌"
"MayorNumOfUseButton","隨時拍桌最大次數"
"CanBeforeSchrodingerCatWinTheCrewmate","薛定諤的貓的陣營轉變前可以隨船員一起獲勝"
"SchrodingerCatExiledTeamChanges","薛定諤的貓被丟出時陣營會轉變"
"SchrodingerCatCanSeeKillableTeammate","陣營轉變後可以看見帶刀的隊友"
"ExecutionerCanTargetImpostor","劊子手的目標可以是偽裝者陣營的玩家"
"ExecutionerCanTargetNeutralKiller","劊子手的目標可以是中立陣營的玩家"
"ExecutionerChangeRolesAfterTargetKilled","劊子手的目標被殺後轉變的職業"
"SerialKillerLimit","連環殺手自殺倒數"
"ArsonistDouseTime","澆油所需時間"
"CanTerroristSuicideWin","恐怖分子可以自殺來獲勝"
"ShapeMasterShapeshiftDuration","變形大師變形持續時間"
"FireWorksMaxCount","煙火工匠可設定煙火最大數量"
"FireWorksRadius","煙火工匠的煙火爆炸半徑"
"SniperBulletCount","子彈最大數量"
"SniperPrecisionShooting","精準射擊模式"
"SniperAimAssist","瞄準輔助"
"SniperAimAssistOneshot","單發瞄準"
"NumberOfLovers","戀人最大數量(2位玩家)"
"TimeThiefDecreaseMeetingTime","時間小偷每次殺人減少的會議時間"
"TimeThiefLowerLimitVotingTime","時間小偷在場時會議時間最低下限"
"TimeThiefReturnStolenTimeUponDeath","時間小偷死亡後將會議時間重設"
"EvilTrackerCanSeeKillFlash","當狼人隊友殺人時邪惡的追蹤者可以看到閃光"
"EvilTrackerTargetMode","可以更換目標"
"EvilTrackerTargetMode.Never","關閉"
"EvilTrackerTargetMode.OnceInGame","每局遊戲一次"
"EvilTrackerTargetMode.EveryMeeting","每回合"
"EvilTrackerTargetMode.Always","隨時"
"EvilTrackerCanSeeLastRoomInMeeting","可以在會議中看到目標最後位置"
"KillFlashDuration","殺人閃光持續時間"
"WitchModeSwitchAction","切換模式操作"
"TriggerKill","殺死"
"TriggerVent","通風口"
"TimeManagerIncreaseMeetingTime","延長時間"
"TimeManagerLimitMeetingTime","會議時間延長上限"
"TriggerDouble","同時觸發兩個技能冷卻"
"AssignOnlyTo%role%",""
"WorkhorseNumLongTasks","增加的長任務數量"
"WorkhorseNumShortTasks","增加的短任務數量"
"StealthExcludeImpostors",""
"StealthDarkenDuration",""
"NekoKabochaImpostorsGetRevenged",""
"NekoKabochaMadmatesGetRevenged",""
"NekoKabochaRevengeOnExile",""
"EvilHackerCanSeeDeadMark",""
"EvilHackerCanSeeImpostorMark",""
"EvilHackerCanSeeKillFlash","當狼人隊友殺人時邪惡的追蹤者可以看到閃光"
"EvilHackerCanSeeMurderRoom",""
"PenguinAbductTimerLimit",""
"PenguinMeetingKill",""
"InsiderCanSeeImpostorAbilities",""
"InsiderCanSeeAllGhostsRoles",""
"InsiderCanSeeMadmates",""
"InsiderKillCountToSeeMadmates",""
"PlagueDoctorInfectLimit",""
"PlagueDoctorInfectWhenKilled",""
"PlagueDoctorInfectTime",""
"PlagueDoctorInfectDistance",""
"PlagueDoctorInfectInactiveTime",""
"PlagueDoctorCanInfectSelf",""
"PlagueDoctorCanInfectVent",""

"## ランダムスポーンポイント"
"Junction",""
"OfficeLeft",""
"OfficeRight",""
"Rocket",""
"Toilet",""
"NapRoom",""
"Bonfire",""
"JungleTop",""
"JungleBottom",""
"Precipice",""

"## 能力発動条件"
"TaskProgressRate",""
"TaskCount",""

"## かくれんぼ設定"
"HideAndSeekOptions","躲貓貓設定"
"AllowCloseDoors","可以關門"
"TrapperBlockMoveTime","設陷者封鎖兇手移動時間"
"HideAndSeekWaitingTime","偽裝者在遊戲開始後的等待時間(秒)"
"IgnoreVent","禁止使用管道"
"HideAndSeekRoles","躲貓貓職業"

"## 死因"
"DeathReason.Kill","殺死"
"DeathReason.Vote","被丟"
"DeathReason.Suicide","自殺"
"DeathReason.Spell","咒殺"
"DeathReason.Bite","咬死"
"DeathReason.FollowingSuicide","戀人共死"
"DeathReason.Bombed","炸死"
"DeathReason.Misfire","走火"
"DeathReason.Torched","燒死"
"DeathReason.Sniped","狙擊"
"DeathReason.Execution","處刑"
"DeathReason.Disconnected","斷線"
"DeathReason.Fall","摔死"
"DeathReason.Revenge","復仇"
"DeathReason.Infected",""
"DeathReason.etc","其他"
"Alive","存活"
"Win","勝利"
"Last-","獨活"

"## リアクターの時間制御"
"SabotageTimeControl","重新設定緊急任務時間"
"PolusReactorTimeLimit","Polus地震抑制器破壞最大時間"
"AirshipReactorTimeLimit","Airship間隙室破壞最大時間"
"FungleReactorTimeLimit",""
"FungleMushroomMixupDuration",""

"## サボタージュのクールダウン変更"
"ModifySabotageCooldown",""
"SabotageCooldown",""

"## ゲーム設定UI"
"TOHSettingsButtonLabel",""
"TOHSettingsDescription",""

"## クライアント設定"
"Close",""
"TOHOptions",""
"ForceJapanese","強制使用日語"
"JapaneseRoleName",""
"UnloadMod",""
"UnloadWarning",""
"CannotUnloadDuringGame",""
"Cancel",""
"Unload",""
"DumpLog",""

"## ヘルプテキスト"
"CommandList","指令列表:"
"Command.winner","顯示上一局的獲勝玩家"
"Command.lastresult","顯示上一局的遊戲結果"
"Command.rename","更改房主名字"
"Command.now","顯示目前設定"
"Command.h_now","顯示現在設定的模式和職業說明"
"Command.h_roles","<職業名> - 顯示關於該職業的介紹"
"Command.h_addons","<屬性名> - 顯示關於該屬性的介紹"
"Command.h_modes","<模式名> - 顯示關於該模式的介紹"
"Command.dump","在桌面上建立遊戲輸出日誌"
"Command.h_args","可用的參數(簡稱)"

"CantUse.lastresult","不可以在遊戲中使用/lastresult指令"
"CantUse.killlog","不可以在遊戲中使用/killlog指令"

"## メッセージ"
"Message.SetToSeconds","訊息發送冷卻已設定為{0}秒"
"Message.MessageWaitHelp","在指令後方指定一個數字來設定秒數"
"Message.TemplateNotFoundHost","沒有找到與「{0}」相關的訊息,\n請將內容加入template.txt作為{0}的定義內容。\n\n定義標籤:\n{1}"
"Message.TemplateNotFoundClient","沒有找到與「{0}」相關的訊息"
"Message.SyncButtonLeft","全場拍桌數量還剩下{0}次可使用"
"Message.Executed","{0}被處刑了"
"Message.HideGameSettings","遊戲設定被房主隱藏。"
"Message.NoDescription","無說明。"
"Message.KickedByDenyName","因為{0}的名字和不良名字清單中的「{1}」相符，所以踢出了他。"
"Message.BanedByBanList","因為{0}在被記錄在黑名單中，所以禁止了{0}再次進入此房間。"
"Message.KickedByNoFriendCode","{0}因為沒有好友代碼，所以踢出了他。"
"Message.AddedPlayerToBanList","已將 {0} 加入到黑名單中，此玩家將無法再進入你的房間。(需安裝TOH模組)"
"Message.FailedToLoadOptions",""
"Message.CopiedOptions",""
"Message.ExportedOptions",""
"Message.LoadedOptions",""
"Message.OnlyHostCanLoadOptions",""

"## 警告"
"Warning.EgoistCannotWin","利己主義者無法獲勝"
"Warning.OverrideExiledPlayer",""
"Warning.InvalidRpc","{0}因為收到無效的RPC,所以踢出了他,\n請確保遊戲除了TOH之外沒有其他模組系統被載入"
"Warning.NoModHost","該房房主沒有安裝Town Of Host模組"
"Warning.MismatchedVersion",""
"Warning.AutoExitAtMismatchedVersion",""
"Warning.NotMatchImpostorCount",""
"Warning.NotMatchRoleCount",""

"## エラー"
"Error.MeetingException","錯誤: {0}\r\n按下SHIFT+M+ENTER來結束會議"
"Error.InvalidRoleAssignment","錯誤:在設定職業時發現{0}持有無效職業"
"Error.SpeedBoosterNullException","錯誤:加速器加速的對象無效,\n請將遊戲輸出記錄保存並在TOH官方DC群組開啟一張支援票"
"Error.InvalidColor","錯誤: 無法使用遊戲自帶以外的顏色。"

"### ErrorText関連"
"ErrorLevel1",""
"ErrorLevel2",""
"ErrorLevel3","未發布版本"
"TerminateCommand","強制結束遊戲指令"
"#### 000 Test"
"ERR-000-000-0","無錯誤"
"ERR-000-900-0","測試錯誤Lv0"
"ERR-000-910-1","測試錯誤Lv1"
"ERR-000-920-2","測試錯誤Lv2"
"ERR-000-930-3","測試錯誤Lv3"
"ERR-000-804-1","Town Of Host模組尚未支援原版的Hide And Seek模式，所以模組將暫時卸載。"
"#### 001 Main"
"ERR-001-000-3","在主目錄出現重複密鑰"
"ERR-001-010-3",""
"#### 002 Support"
"ERR-002-000-1",""
"#### 010 Session"
"ERR-010-000-2",""
"ERR-010-001-2",""

"## その他"
"DefaultSystemMessageTitle","【===== 系統訊息 ======】"
"MessageFromTheHost","【房主訊息】"
"TabGroup.MainSettings","主要設定"
"TabGroup.CrewmateRoles","船員職業"
"TabGroup.NeutralRoles","中立職業設定"
"TabGroup.ImpostorRoles","偽裝者職業設定"
"TabGroup.Addons","屬性"
"ActiveRolesList","已開啟職業列表"
"ForExample","使用例子"
"ForceEnd","遊戲已被強制結束"
"EveryoneDied","沒有人存活"
"ForceEndText","房主已強制結束遊戲"
"ShowResults",""
"HideResults",""
"HideGameCodes","隱藏遊戲代碼"
"updateButton","更新"
"updatePleaseWait","請稍後..."
"updateManually","更新失敗,\n請嘗試手動更新"
"updateInProgress","更新中..."
"announcementUpdate","<size=3f>更新v{0}</size>\n{1}"
"announcementChangelog","<size=3f>更新內容v{0}</size>\n{1}"
"updateRestart","更新完成!\n請重新啟動遊戲"
"updateFailed","更新失敗"
"onSetPublicNoLatest","無法建立一個公共房間，因為使用的不是最新版本的模組\n請更新本模組。"
"CanNotJoinPublicRoomNoLatest","無法在未安裝最新版本的前提下進入公開房間\n請更新本模組"
"ModBrokenMessage","模組檔案損壞\n請重新安裝模組"
"UnsupportedVersion",""
"DisabledByProgram","公開房間的操作已經被程式禁用"
"PublicNotAvailableOnThisVersion",""
"EnterVentToWin","跳管道來獲得勝利!!"
"FireworksPutPhase","還需要安裝{0}枚煙火"
"FireworksWaitPhase","等待時機..."
"FireworksReadyFirePhase","準備就緒，煙火秀開始!"
"StandardHAS","在躲貓貓中加入多職業模式中的職業"
"StandardHASWaitingTime","躲貓貓偽裝者等待時間"
"Prerelease",""
"InvalidArgs","無效的參數"
"On","開啟"
"Off","關閉"
"ColoredOn","<color=#4cb3fe>開啟</color>"
"ColoredOff","<color=#ff4c6f>關閉</color>"
"CurrentActiveSettingsHelp","現在設定的模式和職業說明"
"WitchCurrentMode","現在模式:"
"WitchModeKill","WitchModeKill "
"WitchModeSpell","下咒"
"WitchModeDouble","兩個模式同時啟用"
"BountyCurrentTarget","目標"
"StealthDarkened",""
"Roles","職業"
"Settings","設定"
"Addons","屬性"
"LastResult","上一局的遊戲結果"
"KillLog","擊殺紀錄"
"Maximum","最大數量"
"Rate0","0%"
"Rate5","5%"
"Rate10","10%"
"Rate20","20%"
"Rate30","30%"
"Rate40","40%"
"Rate50","50%"
"Rate60","60%"
"Rate70","70%"
"Rate80","80%"
"Rate90","90%"
"Rate100","100%"
"Preset","設定檔"
"Preset_1","設定檔 1"
"Preset_2","設定檔 2"
"Preset_3","設定檔 3"
"Preset_4","設定檔 4"
"Preset_5","設定檔 5"
"Standard","普通"
"GameMode","遊戲模式"
"PressTabToNextPage","按下Tab以顯示下一頁..."
"RoleSummaryText","遊戲結束時玩家的職業:"
"doOverride","特別設定%role%的任務"
"assignCommonTasks","%role%有普通任務"
"roleLongTasksNum","%role%的長任務數量"
"roleShortTasksNum","%role%的短任務數量"
"Format.Players","{0}人"
"Format.Seconds","{0}秒"
"Format.Percent","{0}%"
"Format.Times","{0}次"
"Format.Multiplier","{0}x"
"Format.Votes","{0}票"
"Format.Pieces","{0}個"
"KillButtonText","殺死"
"SniperSnipeButtonText","狙擊"
"FireWorksExplosionButtonText","引爆"
"FireWorksInstallAtionButtonText","安裝"
"SerialKillerSuicideButtonText","自殺倒數"
"WarlockCurseButtonText","詛咒"
"WitchSpellButtonText","下咒"
"VampireBiteButtonText","吸血"
"ArsonistDouseButtonText","澆油"
"PuppeteerOperateButtonText","操控"
"BountyHunterChangeButtonText","變更"
"EvilTrackerChangeButtonText","追蹤"
"DefaultShapeshiftText","變身"
"DisabledBySettings","在設定中被禁用"
"Disabled","已被禁用"
"FailToTrack","無法追蹤"
"LastAdminInfo",""
"MurderNotify",""
"Deadbody",""
"PenguinKillButtonText",""
"PenguinTimerText",""
"Infected",""
